{"cameraMode":{"drawMode":0,"name":"Shaded","section":"Shading Mode"},"sceneLighting":true,"audioPlay":false,"sceneViewState":{"m_AlwaysRefresh":false,"showFog":true,"showSkybox":true,"showFlares":true,"showImageEffects":true,"showParticleSystems":true,"showVisualEffectGraphs":true,"m_FxEnabled":true},"in2DMode":false,"pivot":{"x":0.9649220108985901,"y":0.7213098406791687,"z":2.6066815853118898},"rotation":{"x":0.24234774708747865,"y":-0.016011351719498636,"z":0.004007721319794655,"w":0.9700880646705627},"size":1.032751441001892,"orthographic":false}